y_mm,xr_m,xr_over_H
0.2,0.17052846,6.714
0.5,0.17010713,6.697
1.0,0.16865730,6.640
2.0,0.16370974,6.445
